prompt_id,sample_id,timestep,concept_a,concept_b,prompt_text,text_embedding_path,image_latent_path,noise_pred_path
1,0,8,Ice Cream,Cone,A scoop of ice cream served in a crunchy cone.,text_embeddings/prompt_001.pt,image_trajectories/prompt_001/sample_000_t08.pt,image_trajectories/prompt_001/sample_000_noise.pt
1,1,4,Ice Cream,Cone,A scoop of ice cream served in a crunchy cone.,text_embeddings/prompt_001.pt,image_trajectories/prompt_001/sample_001_t04.pt,image_trajectories/prompt_001/sample_001_noise.pt
1,2,6,Ice Cream,Cone,A scoop of ice cream served in a crunchy cone.,text_embeddings/prompt_001.pt,image_trajectories/prompt_001/sample_002_t06.pt,image_trajectories/prompt_001/sample_002_noise.pt
1,3,5,Ice Cream,Cone,A scoop of ice cream served in a crunchy cone.,text_embeddings/prompt_001.pt,image_trajectories/prompt_001/sample_003_t05.pt,image_trajectories/prompt_001/sample_003_noise.pt
1,4,9,Ice Cream,Cone,A scoop of ice cream served in a crunchy cone.,text_embeddings/prompt_001.pt,image_trajectories/prompt_001/sample_004_t09.pt,image_trajectories/prompt_001/sample_004_noise.pt
1,5,10,Ice Cream,Cone,A scoop of ice cream served in a crunchy cone.,text_embeddings/prompt_001.pt,image_trajectories/prompt_001/sample_005_t10.pt,image_trajectories/prompt_001/sample_005_noise.pt
1,6,4,Ice Cream,Cone,A scoop of ice cream served in a crunchy cone.,text_embeddings/prompt_001.pt,image_trajectories/prompt_001/sample_006_t04.pt,image_trajectories/prompt_001/sample_006_noise.pt
1,7,9,Ice Cream,Cone,A scoop of ice cream served in a crunchy cone.,text_embeddings/prompt_001.pt,image_trajectories/prompt_001/sample_007_t09.pt,image_trajectories/prompt_001/sample_007_noise.pt
1,8,9,Ice Cream,Cone,A scoop of ice cream served in a crunchy cone.,text_embeddings/prompt_001.pt,image_trajectories/prompt_001/sample_008_t09.pt,image_trajectories/prompt_001/sample_008_noise.pt
1,9,8,Ice Cream,Cone,A scoop of ice cream served in a crunchy cone.,text_embeddings/prompt_001.pt,image_trajectories/prompt_001/sample_009_t08.pt,image_trajectories/prompt_001/sample_009_noise.pt
1,10,4,Ice Cream,Cone,A scoop of ice cream served in a crunchy cone.,text_embeddings/prompt_001.pt,image_trajectories/prompt_001/sample_010_t04.pt,image_trajectories/prompt_001/sample_010_noise.pt
1,11,6,Ice Cream,Cone,A scoop of ice cream served in a crunchy cone.,text_embeddings/prompt_001.pt,image_trajectories/prompt_001/sample_011_t06.pt,image_trajectories/prompt_001/sample_011_noise.pt
1,12,4,Ice Cream,Cone,A scoop of ice cream served in a crunchy cone.,text_embeddings/prompt_001.pt,image_trajectories/prompt_001/sample_012_t04.pt,image_trajectories/prompt_001/sample_012_noise.pt
1,13,10,Ice Cream,Cone,A scoop of ice cream served in a crunchy cone.,text_embeddings/prompt_001.pt,image_trajectories/prompt_001/sample_013_t10.pt,image_trajectories/prompt_001/sample_013_noise.pt
1,14,7,Ice Cream,Cone,A scoop of ice cream served in a crunchy cone.,text_embeddings/prompt_001.pt,image_trajectories/prompt_001/sample_014_t07.pt,image_trajectories/prompt_001/sample_014_noise.pt
1,15,5,Ice Cream,Cone,A scoop of ice cream served in a crunchy cone.,text_embeddings/prompt_001.pt,image_trajectories/prompt_001/sample_015_t05.pt,image_trajectories/prompt_001/sample_015_noise.pt
1,16,10,Ice Cream,Cone,A scoop of ice cream served in a crunchy cone.,text_embeddings/prompt_001.pt,image_trajectories/prompt_001/sample_016_t10.pt,image_trajectories/prompt_001/sample_016_noise.pt
1,17,7,Ice Cream,Cone,A scoop of ice cream served in a crunchy cone.,text_embeddings/prompt_001.pt,image_trajectories/prompt_001/sample_017_t07.pt,image_trajectories/prompt_001/sample_017_noise.pt
1,18,5,Ice Cream,Cone,A scoop of ice cream served in a crunchy cone.,text_embeddings/prompt_001.pt,image_trajectories/prompt_001/sample_018_t05.pt,image_trajectories/prompt_001/sample_018_noise.pt
1,19,7,Ice Cream,Cone,A scoop of ice cream served in a crunchy cone.,text_embeddings/prompt_001.pt,image_trajectories/prompt_001/sample_019_t07.pt,image_trajectories/prompt_001/sample_019_noise.pt
1,20,7,Ice Cream,Cone,A scoop of ice cream served in a crunchy cone.,text_embeddings/prompt_001.pt,image_trajectories/prompt_001/sample_020_t07.pt,image_trajectories/prompt_001/sample_020_noise.pt
1,21,7,Ice Cream,Cone,A scoop of ice cream served in a crunchy cone.,text_embeddings/prompt_001.pt,image_trajectories/prompt_001/sample_021_t07.pt,image_trajectories/prompt_001/sample_021_noise.pt
1,22,8,Ice Cream,Cone,A scoop of ice cream served in a crunchy cone.,text_embeddings/prompt_001.pt,image_trajectories/prompt_001/sample_022_t08.pt,image_trajectories/prompt_001/sample_022_noise.pt
1,23,10,Ice Cream,Cone,A scoop of ice cream served in a crunchy cone.,text_embeddings/prompt_001.pt,image_trajectories/prompt_001/sample_023_t10.pt,image_trajectories/prompt_001/sample_023_noise.pt
1,24,6,Ice Cream,Cone,A scoop of ice cream served in a crunchy cone.,text_embeddings/prompt_001.pt,image_trajectories/prompt_001/sample_024_t06.pt,image_trajectories/prompt_001/sample_024_noise.pt
1,25,4,Ice Cream,Cone,A scoop of ice cream served in a crunchy cone.,text_embeddings/prompt_001.pt,image_trajectories/prompt_001/sample_025_t04.pt,image_trajectories/prompt_001/sample_025_noise.pt
1,26,8,Ice Cream,Cone,A scoop of ice cream served in a crunchy cone.,text_embeddings/prompt_001.pt,image_trajectories/prompt_001/sample_026_t08.pt,image_trajectories/prompt_001/sample_026_noise.pt
1,27,5,Ice Cream,Cone,A scoop of ice cream served in a crunchy cone.,text_embeddings/prompt_001.pt,image_trajectories/prompt_001/sample_027_t05.pt,image_trajectories/prompt_001/sample_027_noise.pt
1,28,4,Ice Cream,Cone,A scoop of ice cream served in a crunchy cone.,text_embeddings/prompt_001.pt,image_trajectories/prompt_001/sample_028_t04.pt,image_trajectories/prompt_001/sample_028_noise.pt
1,29,9,Ice Cream,Cone,A scoop of ice cream served in a crunchy cone.,text_embeddings/prompt_001.pt,image_trajectories/prompt_001/sample_029_t09.pt,image_trajectories/prompt_001/sample_029_noise.pt
1,30,7,Ice Cream,Cone,A scoop of ice cream served in a crunchy cone.,text_embeddings/prompt_001.pt,image_trajectories/prompt_001/sample_030_t07.pt,image_trajectories/prompt_001/sample_030_noise.pt
1,31,8,Ice Cream,Cone,A scoop of ice cream served in a crunchy cone.,text_embeddings/prompt_001.pt,image_trajectories/prompt_001/sample_031_t08.pt,image_trajectories/prompt_001/sample_031_noise.pt
1,32,4,Ice Cream,Cone,A scoop of ice cream served in a crunchy cone.,text_embeddings/prompt_001.pt,image_trajectories/prompt_001/sample_032_t04.pt,image_trajectories/prompt_001/sample_032_noise.pt
1,33,5,Ice Cream,Cone,A scoop of ice cream served in a crunchy cone.,text_embeddings/prompt_001.pt,image_trajectories/prompt_001/sample_033_t05.pt,image_trajectories/prompt_001/sample_033_noise.pt
1,34,8,Ice Cream,Cone,A scoop of ice cream served in a crunchy cone.,text_embeddings/prompt_001.pt,image_trajectories/prompt_001/sample_034_t08.pt,image_trajectories/prompt_001/sample_034_noise.pt
1,35,7,Ice Cream,Cone,A scoop of ice cream served in a crunchy cone.,text_embeddings/prompt_001.pt,image_trajectories/prompt_001/sample_035_t07.pt,image_trajectories/prompt_001/sample_035_noise.pt
1,36,5,Ice Cream,Cone,A scoop of ice cream served in a crunchy cone.,text_embeddings/prompt_001.pt,image_trajectories/prompt_001/sample_036_t05.pt,image_trajectories/prompt_001/sample_036_noise.pt
1,37,10,Ice Cream,Cone,A scoop of ice cream served in a crunchy cone.,text_embeddings/prompt_001.pt,image_trajectories/prompt_001/sample_037_t10.pt,image_trajectories/prompt_001/sample_037_noise.pt
1,38,5,Ice Cream,Cone,A scoop of ice cream served in a crunchy cone.,text_embeddings/prompt_001.pt,image_trajectories/prompt_001/sample_038_t05.pt,image_trajectories/prompt_001/sample_038_noise.pt
1,39,8,Ice Cream,Cone,A scoop of ice cream served in a crunchy cone.,text_embeddings/prompt_001.pt,image_trajectories/prompt_001/sample_039_t08.pt,image_trajectories/prompt_001/sample_039_noise.pt
1,40,5,Ice Cream,Cone,A scoop of ice cream served in a crunchy cone.,text_embeddings/prompt_001.pt,image_trajectories/prompt_001/sample_040_t05.pt,image_trajectories/prompt_001/sample_040_noise.pt
1,41,7,Ice Cream,Cone,A scoop of ice cream served in a crunchy cone.,text_embeddings/prompt_001.pt,image_trajectories/prompt_001/sample_041_t07.pt,image_trajectories/prompt_001/sample_041_noise.pt
1,42,8,Ice Cream,Cone,A scoop of ice cream served in a crunchy cone.,text_embeddings/prompt_001.pt,image_trajectories/prompt_001/sample_042_t08.pt,image_trajectories/prompt_001/sample_042_noise.pt
1,43,10,Ice Cream,Cone,A scoop of ice cream served in a crunchy cone.,text_embeddings/prompt_001.pt,image_trajectories/prompt_001/sample_043_t10.pt,image_trajectories/prompt_001/sample_043_noise.pt
1,44,10,Ice Cream,Cone,A scoop of ice cream served in a crunchy cone.,text_embeddings/prompt_001.pt,image_trajectories/prompt_001/sample_044_t10.pt,image_trajectories/prompt_001/sample_044_noise.pt
1,45,5,Ice Cream,Cone,A scoop of ice cream served in a crunchy cone.,text_embeddings/prompt_001.pt,image_trajectories/prompt_001/sample_045_t05.pt,image_trajectories/prompt_001/sample_045_noise.pt
1,46,5,Ice Cream,Cone,A scoop of ice cream served in a crunchy cone.,text_embeddings/prompt_001.pt,image_trajectories/prompt_001/sample_046_t05.pt,image_trajectories/prompt_001/sample_046_noise.pt
1,47,7,Ice Cream,Cone,A scoop of ice cream served in a crunchy cone.,text_embeddings/prompt_001.pt,image_trajectories/prompt_001/sample_047_t07.pt,image_trajectories/prompt_001/sample_047_noise.pt
1,48,10,Ice Cream,Cone,A scoop of ice cream served in a crunchy cone.,text_embeddings/prompt_001.pt,image_trajectories/prompt_001/sample_048_t10.pt,image_trajectories/prompt_001/sample_048_noise.pt
1,49,7,Ice Cream,Cone,A scoop of ice cream served in a crunchy cone.,text_embeddings/prompt_001.pt,image_trajectories/prompt_001/sample_049_t07.pt,image_trajectories/prompt_001/sample_049_noise.pt
1,50,10,Ice Cream,Cone,A scoop of ice cream served in a crunchy cone.,text_embeddings/prompt_001.pt,image_trajectories/prompt_001/sample_050_t10.pt,image_trajectories/prompt_001/sample_050_noise.pt
1,51,4,Ice Cream,Cone,A scoop of ice cream served in a crunchy cone.,text_embeddings/prompt_001.pt,image_trajectories/prompt_001/sample_051_t04.pt,image_trajectories/prompt_001/sample_051_noise.pt
1,52,8,Ice Cream,Cone,A scoop of ice cream served in a crunchy cone.,text_embeddings/prompt_001.pt,image_trajectories/prompt_001/sample_052_t08.pt,image_trajectories/prompt_001/sample_052_noise.pt
1,53,7,Ice Cream,Cone,A scoop of ice cream served in a crunchy cone.,text_embeddings/prompt_001.pt,image_trajectories/prompt_001/sample_053_t07.pt,image_trajectories/prompt_001/sample_053_noise.pt
1,54,8,Ice Cream,Cone,A scoop of ice cream served in a crunchy cone.,text_embeddings/prompt_001.pt,image_trajectories/prompt_001/sample_054_t08.pt,image_trajectories/prompt_001/sample_054_noise.pt
1,55,6,Ice Cream,Cone,A scoop of ice cream served in a crunchy cone.,text_embeddings/prompt_001.pt,image_trajectories/prompt_001/sample_055_t06.pt,image_trajectories/prompt_001/sample_055_noise.pt
1,56,9,Ice Cream,Cone,A scoop of ice cream served in a crunchy cone.,text_embeddings/prompt_001.pt,image_trajectories/prompt_001/sample_056_t09.pt,image_trajectories/prompt_001/sample_056_noise.pt
1,57,8,Ice Cream,Cone,A scoop of ice cream served in a crunchy cone.,text_embeddings/prompt_001.pt,image_trajectories/prompt_001/sample_057_t08.pt,image_trajectories/prompt_001/sample_057_noise.pt
1,58,9,Ice Cream,Cone,A scoop of ice cream served in a crunchy cone.,text_embeddings/prompt_001.pt,image_trajectories/prompt_001/sample_058_t09.pt,image_trajectories/prompt_001/sample_058_noise.pt
1,59,7,Ice Cream,Cone,A scoop of ice cream served in a crunchy cone.,text_embeddings/prompt_001.pt,image_trajectories/prompt_001/sample_059_t07.pt,image_trajectories/prompt_001/sample_059_noise.pt
1,60,6,Ice Cream,Cone,A scoop of ice cream served in a crunchy cone.,text_embeddings/prompt_001.pt,image_trajectories/prompt_001/sample_060_t06.pt,image_trajectories/prompt_001/sample_060_noise.pt
1,61,9,Ice Cream,Cone,A scoop of ice cream served in a crunchy cone.,text_embeddings/prompt_001.pt,image_trajectories/prompt_001/sample_061_t09.pt,image_trajectories/prompt_001/sample_061_noise.pt
1,62,5,Ice Cream,Cone,A scoop of ice cream served in a crunchy cone.,text_embeddings/prompt_001.pt,image_trajectories/prompt_001/sample_062_t05.pt,image_trajectories/prompt_001/sample_062_noise.pt
1,63,5,Ice Cream,Cone,A scoop of ice cream served in a crunchy cone.,text_embeddings/prompt_001.pt,image_trajectories/prompt_001/sample_063_t05.pt,image_trajectories/prompt_001/sample_063_noise.pt
1,64,7,Ice Cream,Cone,A scoop of ice cream served in a crunchy cone.,text_embeddings/prompt_001.pt,image_trajectories/prompt_001/sample_064_t07.pt,image_trajectories/prompt_001/sample_064_noise.pt
1,65,6,Ice Cream,Cone,A scoop of ice cream served in a crunchy cone.,text_embeddings/prompt_001.pt,image_trajectories/prompt_001/sample_065_t06.pt,image_trajectories/prompt_001/sample_065_noise.pt
1,66,10,Ice Cream,Cone,A scoop of ice cream served in a crunchy cone.,text_embeddings/prompt_001.pt,image_trajectories/prompt_001/sample_066_t10.pt,image_trajectories/prompt_001/sample_066_noise.pt
1,67,5,Ice Cream,Cone,A scoop of ice cream served in a crunchy cone.,text_embeddings/prompt_001.pt,image_trajectories/prompt_001/sample_067_t05.pt,image_trajectories/prompt_001/sample_067_noise.pt
1,68,10,Ice Cream,Cone,A scoop of ice cream served in a crunchy cone.,text_embeddings/prompt_001.pt,image_trajectories/prompt_001/sample_068_t10.pt,image_trajectories/prompt_001/sample_068_noise.pt
1,69,5,Ice Cream,Cone,A scoop of ice cream served in a crunchy cone.,text_embeddings/prompt_001.pt,image_trajectories/prompt_001/sample_069_t05.pt,image_trajectories/prompt_001/sample_069_noise.pt
1,70,10,Ice Cream,Cone,A scoop of ice cream served in a crunchy cone.,text_embeddings/prompt_001.pt,image_trajectories/prompt_001/sample_070_t10.pt,image_trajectories/prompt_001/sample_070_noise.pt
1,71,7,Ice Cream,Cone,A scoop of ice cream served in a crunchy cone.,text_embeddings/prompt_001.pt,image_trajectories/prompt_001/sample_071_t07.pt,image_trajectories/prompt_001/sample_071_noise.pt
1,72,4,Ice Cream,Cone,A scoop of ice cream served in a crunchy cone.,text_embeddings/prompt_001.pt,image_trajectories/prompt_001/sample_072_t04.pt,image_trajectories/prompt_001/sample_072_noise.pt
1,73,6,Ice Cream,Cone,A scoop of ice cream served in a crunchy cone.,text_embeddings/prompt_001.pt,image_trajectories/prompt_001/sample_073_t06.pt,image_trajectories/prompt_001/sample_073_noise.pt
1,74,9,Ice Cream,Cone,A scoop of ice cream served in a crunchy cone.,text_embeddings/prompt_001.pt,image_trajectories/prompt_001/sample_074_t09.pt,image_trajectories/prompt_001/sample_074_noise.pt
1,75,6,Ice Cream,Cone,A scoop of ice cream served in a crunchy cone.,text_embeddings/prompt_001.pt,image_trajectories/prompt_001/sample_075_t06.pt,image_trajectories/prompt_001/sample_075_noise.pt
1,76,5,Ice Cream,Cone,A scoop of ice cream served in a crunchy cone.,text_embeddings/prompt_001.pt,image_trajectories/prompt_001/sample_076_t05.pt,image_trajectories/prompt_001/sample_076_noise.pt
1,77,4,Ice Cream,Cone,A scoop of ice cream served in a crunchy cone.,text_embeddings/prompt_001.pt,image_trajectories/prompt_001/sample_077_t04.pt,image_trajectories/prompt_001/sample_077_noise.pt
1,78,4,Ice Cream,Cone,A scoop of ice cream served in a crunchy cone.,text_embeddings/prompt_001.pt,image_trajectories/prompt_001/sample_078_t04.pt,image_trajectories/prompt_001/sample_078_noise.pt
1,79,8,Ice Cream,Cone,A scoop of ice cream served in a crunchy cone.,text_embeddings/prompt_001.pt,image_trajectories/prompt_001/sample_079_t08.pt,image_trajectories/prompt_001/sample_079_noise.pt
1,80,9,Ice Cream,Cone,A scoop of ice cream served in a crunchy cone.,text_embeddings/prompt_001.pt,image_trajectories/prompt_001/sample_080_t09.pt,image_trajectories/prompt_001/sample_080_noise.pt
1,81,7,Ice Cream,Cone,A scoop of ice cream served in a crunchy cone.,text_embeddings/prompt_001.pt,image_trajectories/prompt_001/sample_081_t07.pt,image_trajectories/prompt_001/sample_081_noise.pt
1,82,9,Ice Cream,Cone,A scoop of ice cream served in a crunchy cone.,text_embeddings/prompt_001.pt,image_trajectories/prompt_001/sample_082_t09.pt,image_trajectories/prompt_001/sample_082_noise.pt
1,83,9,Ice Cream,Cone,A scoop of ice cream served in a crunchy cone.,text_embeddings/prompt_001.pt,image_trajectories/prompt_001/sample_083_t09.pt,image_trajectories/prompt_001/sample_083_noise.pt
1,84,6,Ice Cream,Cone,A scoop of ice cream served in a crunchy cone.,text_embeddings/prompt_001.pt,image_trajectories/prompt_001/sample_084_t06.pt,image_trajectories/prompt_001/sample_084_noise.pt
1,85,8,Ice Cream,Cone,A scoop of ice cream served in a crunchy cone.,text_embeddings/prompt_001.pt,image_trajectories/prompt_001/sample_085_t08.pt,image_trajectories/prompt_001/sample_085_noise.pt
1,86,8,Ice Cream,Cone,A scoop of ice cream served in a crunchy cone.,text_embeddings/prompt_001.pt,image_trajectories/prompt_001/sample_086_t08.pt,image_trajectories/prompt_001/sample_086_noise.pt
1,87,9,Ice Cream,Cone,A scoop of ice cream served in a crunchy cone.,text_embeddings/prompt_001.pt,image_trajectories/prompt_001/sample_087_t09.pt,image_trajectories/prompt_001/sample_087_noise.pt
1,88,10,Ice Cream,Cone,A scoop of ice cream served in a crunchy cone.,text_embeddings/prompt_001.pt,image_trajectories/prompt_001/sample_088_t10.pt,image_trajectories/prompt_001/sample_088_noise.pt
1,89,6,Ice Cream,Cone,A scoop of ice cream served in a crunchy cone.,text_embeddings/prompt_001.pt,image_trajectories/prompt_001/sample_089_t06.pt,image_trajectories/prompt_001/sample_089_noise.pt
1,90,9,Ice Cream,Cone,A scoop of ice cream served in a crunchy cone.,text_embeddings/prompt_001.pt,image_trajectories/prompt_001/sample_090_t09.pt,image_trajectories/prompt_001/sample_090_noise.pt
1,91,7,Ice Cream,Cone,A scoop of ice cream served in a crunchy cone.,text_embeddings/prompt_001.pt,image_trajectories/prompt_001/sample_091_t07.pt,image_trajectories/prompt_001/sample_091_noise.pt
1,92,7,Ice Cream,Cone,A scoop of ice cream served in a crunchy cone.,text_embeddings/prompt_001.pt,image_trajectories/prompt_001/sample_092_t07.pt,image_trajectories/prompt_001/sample_092_noise.pt
1,93,6,Ice Cream,Cone,A scoop of ice cream served in a crunchy cone.,text_embeddings/prompt_001.pt,image_trajectories/prompt_001/sample_093_t06.pt,image_trajectories/prompt_001/sample_093_noise.pt
1,94,4,Ice Cream,Cone,A scoop of ice cream served in a crunchy cone.,text_embeddings/prompt_001.pt,image_trajectories/prompt_001/sample_094_t04.pt,image_trajectories/prompt_001/sample_094_noise.pt
1,95,10,Ice Cream,Cone,A scoop of ice cream served in a crunchy cone.,text_embeddings/prompt_001.pt,image_trajectories/prompt_001/sample_095_t10.pt,image_trajectories/prompt_001/sample_095_noise.pt
1,96,10,Ice Cream,Cone,A scoop of ice cream served in a crunchy cone.,text_embeddings/prompt_001.pt,image_trajectories/prompt_001/sample_096_t10.pt,image_trajectories/prompt_001/sample_096_noise.pt
1,97,9,Ice Cream,Cone,A scoop of ice cream served in a crunchy cone.,text_embeddings/prompt_001.pt,image_trajectories/prompt_001/sample_097_t09.pt,image_trajectories/prompt_001/sample_097_noise.pt
1,98,4,Ice Cream,Cone,A scoop of ice cream served in a crunchy cone.,text_embeddings/prompt_001.pt,image_trajectories/prompt_001/sample_098_t04.pt,image_trajectories/prompt_001/sample_098_noise.pt
1,99,7,Ice Cream,Cone,A scoop of ice cream served in a crunchy cone.,text_embeddings/prompt_001.pt,image_trajectories/prompt_001/sample_099_t07.pt,image_trajectories/prompt_001/sample_099_noise.pt
2,0,10,Ice Cream,Plate,A scoop of ice cream served flat on a dinner plate.,text_embeddings/prompt_002.pt,image_trajectories/prompt_002/sample_000_t10.pt,image_trajectories/prompt_002/sample_000_noise.pt
2,1,8,Ice Cream,Plate,A scoop of ice cream served flat on a dinner plate.,text_embeddings/prompt_002.pt,image_trajectories/prompt_002/sample_001_t08.pt,image_trajectories/prompt_002/sample_001_noise.pt
2,2,5,Ice Cream,Plate,A scoop of ice cream served flat on a dinner plate.,text_embeddings/prompt_002.pt,image_trajectories/prompt_002/sample_002_t05.pt,image_trajectories/prompt_002/sample_002_noise.pt
2,3,5,Ice Cream,Plate,A scoop of ice cream served flat on a dinner plate.,text_embeddings/prompt_002.pt,image_trajectories/prompt_002/sample_003_t05.pt,image_trajectories/prompt_002/sample_003_noise.pt
2,4,4,Ice Cream,Plate,A scoop of ice cream served flat on a dinner plate.,text_embeddings/prompt_002.pt,image_trajectories/prompt_002/sample_004_t04.pt,image_trajectories/prompt_002/sample_004_noise.pt
2,5,7,Ice Cream,Plate,A scoop of ice cream served flat on a dinner plate.,text_embeddings/prompt_002.pt,image_trajectories/prompt_002/sample_005_t07.pt,image_trajectories/prompt_002/sample_005_noise.pt
2,6,6,Ice Cream,Plate,A scoop of ice cream served flat on a dinner plate.,text_embeddings/prompt_002.pt,image_trajectories/prompt_002/sample_006_t06.pt,image_trajectories/prompt_002/sample_006_noise.pt
2,7,9,Ice Cream,Plate,A scoop of ice cream served flat on a dinner plate.,text_embeddings/prompt_002.pt,image_trajectories/prompt_002/sample_007_t09.pt,image_trajectories/prompt_002/sample_007_noise.pt
2,8,8,Ice Cream,Plate,A scoop of ice cream served flat on a dinner plate.,text_embeddings/prompt_002.pt,image_trajectories/prompt_002/sample_008_t08.pt,image_trajectories/prompt_002/sample_008_noise.pt
2,9,7,Ice Cream,Plate,A scoop of ice cream served flat on a dinner plate.,text_embeddings/prompt_002.pt,image_trajectories/prompt_002/sample_009_t07.pt,image_trajectories/prompt_002/sample_009_noise.pt
2,10,9,Ice Cream,Plate,A scoop of ice cream served flat on a dinner plate.,text_embeddings/prompt_002.pt,image_trajectories/prompt_002/sample_010_t09.pt,image_trajectories/prompt_002/sample_010_noise.pt
2,11,9,Ice Cream,Plate,A scoop of ice cream served flat on a dinner plate.,text_embeddings/prompt_002.pt,image_trajectories/prompt_002/sample_011_t09.pt,image_trajectories/prompt_002/sample_011_noise.pt
2,12,6,Ice Cream,Plate,A scoop of ice cream served flat on a dinner plate.,text_embeddings/prompt_002.pt,image_trajectories/prompt_002/sample_012_t06.pt,image_trajectories/prompt_002/sample_012_noise.pt
2,13,8,Ice Cream,Plate,A scoop of ice cream served flat on a dinner plate.,text_embeddings/prompt_002.pt,image_trajectories/prompt_002/sample_013_t08.pt,image_trajectories/prompt_002/sample_013_noise.pt
2,14,9,Ice Cream,Plate,A scoop of ice cream served flat on a dinner plate.,text_embeddings/prompt_002.pt,image_trajectories/prompt_002/sample_014_t09.pt,image_trajectories/prompt_002/sample_014_noise.pt
2,15,9,Ice Cream,Plate,A scoop of ice cream served flat on a dinner plate.,text_embeddings/prompt_002.pt,image_trajectories/prompt_002/sample_015_t09.pt,image_trajectories/prompt_002/sample_015_noise.pt
2,16,9,Ice Cream,Plate,A scoop of ice cream served flat on a dinner plate.,text_embeddings/prompt_002.pt,image_trajectories/prompt_002/sample_016_t09.pt,image_trajectories/prompt_002/sample_016_noise.pt
2,17,4,Ice Cream,Plate,A scoop of ice cream served flat on a dinner plate.,text_embeddings/prompt_002.pt,image_trajectories/prompt_002/sample_017_t04.pt,image_trajectories/prompt_002/sample_017_noise.pt
2,18,5,Ice Cream,Plate,A scoop of ice cream served flat on a dinner plate.,text_embeddings/prompt_002.pt,image_trajectories/prompt_002/sample_018_t05.pt,image_trajectories/prompt_002/sample_018_noise.pt
2,19,6,Ice Cream,Plate,A scoop of ice cream served flat on a dinner plate.,text_embeddings/prompt_002.pt,image_trajectories/prompt_002/sample_019_t06.pt,image_trajectories/prompt_002/sample_019_noise.pt
2,20,6,Ice Cream,Plate,A scoop of ice cream served flat on a dinner plate.,text_embeddings/prompt_002.pt,image_trajectories/prompt_002/sample_020_t06.pt,image_trajectories/prompt_002/sample_020_noise.pt
2,21,6,Ice Cream,Plate,A scoop of ice cream served flat on a dinner plate.,text_embeddings/prompt_002.pt,image_trajectories/prompt_002/sample_021_t06.pt,image_trajectories/prompt_002/sample_021_noise.pt
2,22,7,Ice Cream,Plate,A scoop of ice cream served flat on a dinner plate.,text_embeddings/prompt_002.pt,image_trajectories/prompt_002/sample_022_t07.pt,image_trajectories/prompt_002/sample_022_noise.pt
2,23,10,Ice Cream,Plate,A scoop of ice cream served flat on a dinner plate.,text_embeddings/prompt_002.pt,image_trajectories/prompt_002/sample_023_t10.pt,image_trajectories/prompt_002/sample_023_noise.pt
2,24,10,Ice Cream,Plate,A scoop of ice cream served flat on a dinner plate.,text_embeddings/prompt_002.pt,image_trajectories/prompt_002/sample_024_t10.pt,image_trajectories/prompt_002/sample_024_noise.pt
2,25,7,Ice Cream,Plate,A scoop of ice cream served flat on a dinner plate.,text_embeddings/prompt_002.pt,image_trajectories/prompt_002/sample_025_t07.pt,image_trajectories/prompt_002/sample_025_noise.pt
2,26,7,Ice Cream,Plate,A scoop of ice cream served flat on a dinner plate.,text_embeddings/prompt_002.pt,image_trajectories/prompt_002/sample_026_t07.pt,image_trajectories/prompt_002/sample_026_noise.pt
2,27,7,Ice Cream,Plate,A scoop of ice cream served flat on a dinner plate.,text_embeddings/prompt_002.pt,image_trajectories/prompt_002/sample_027_t07.pt,image_trajectories/prompt_002/sample_027_noise.pt
2,28,7,Ice Cream,Plate,A scoop of ice cream served flat on a dinner plate.,text_embeddings/prompt_002.pt,image_trajectories/prompt_002/sample_028_t07.pt,image_trajectories/prompt_002/sample_028_noise.pt
2,29,4,Ice Cream,Plate,A scoop of ice cream served flat on a dinner plate.,text_embeddings/prompt_002.pt,image_trajectories/prompt_002/sample_029_t04.pt,image_trajectories/prompt_002/sample_029_noise.pt
2,30,8,Ice Cream,Plate,A scoop of ice cream served flat on a dinner plate.,text_embeddings/prompt_002.pt,image_trajectories/prompt_002/sample_030_t08.pt,image_trajectories/prompt_002/sample_030_noise.pt
2,31,4,Ice Cream,Plate,A scoop of ice cream served flat on a dinner plate.,text_embeddings/prompt_002.pt,image_trajectories/prompt_002/sample_031_t04.pt,image_trajectories/prompt_002/sample_031_noise.pt
2,32,6,Ice Cream,Plate,A scoop of ice cream served flat on a dinner plate.,text_embeddings/prompt_002.pt,image_trajectories/prompt_002/sample_032_t06.pt,image_trajectories/prompt_002/sample_032_noise.pt
2,33,5,Ice Cream,Plate,A scoop of ice cream served flat on a dinner plate.,text_embeddings/prompt_002.pt,image_trajectories/prompt_002/sample_033_t05.pt,image_trajectories/prompt_002/sample_033_noise.pt
2,34,10,Ice Cream,Plate,A scoop of ice cream served flat on a dinner plate.,text_embeddings/prompt_002.pt,image_trajectories/prompt_002/sample_034_t10.pt,image_trajectories/prompt_002/sample_034_noise.pt
2,35,10,Ice Cream,Plate,A scoop of ice cream served flat on a dinner plate.,text_embeddings/prompt_002.pt,image_trajectories/prompt_002/sample_035_t10.pt,image_trajectories/prompt_002/sample_035_noise.pt
2,36,7,Ice Cream,Plate,A scoop of ice cream served flat on a dinner plate.,text_embeddings/prompt_002.pt,image_trajectories/prompt_002/sample_036_t07.pt,image_trajectories/prompt_002/sample_036_noise.pt
2,37,4,Ice Cream,Plate,A scoop of ice cream served flat on a dinner plate.,text_embeddings/prompt_002.pt,image_trajectories/prompt_002/sample_037_t04.pt,image_trajectories/prompt_002/sample_037_noise.pt
2,38,9,Ice Cream,Plate,A scoop of ice cream served flat on a dinner plate.,text_embeddings/prompt_002.pt,image_trajectories/prompt_002/sample_038_t09.pt,image_trajectories/prompt_002/sample_038_noise.pt
2,39,8,Ice Cream,Plate,A scoop of ice cream served flat on a dinner plate.,text_embeddings/prompt_002.pt,image_trajectories/prompt_002/sample_039_t08.pt,image_trajectories/prompt_002/sample_039_noise.pt
2,40,8,Ice Cream,Plate,A scoop of ice cream served flat on a dinner plate.,text_embeddings/prompt_002.pt,image_trajectories/prompt_002/sample_040_t08.pt,image_trajectories/prompt_002/sample_040_noise.pt
2,41,10,Ice Cream,Plate,A scoop of ice cream served flat on a dinner plate.,text_embeddings/prompt_002.pt,image_trajectories/prompt_002/sample_041_t10.pt,image_trajectories/prompt_002/sample_041_noise.pt
2,42,7,Ice Cream,Plate,A scoop of ice cream served flat on a dinner plate.,text_embeddings/prompt_002.pt,image_trajectories/prompt_002/sample_042_t07.pt,image_trajectories/prompt_002/sample_042_noise.pt
2,43,5,Ice Cream,Plate,A scoop of ice cream served flat on a dinner plate.,text_embeddings/prompt_002.pt,image_trajectories/prompt_002/sample_043_t05.pt,image_trajectories/prompt_002/sample_043_noise.pt
2,44,10,Ice Cream,Plate,A scoop of ice cream served flat on a dinner plate.,text_embeddings/prompt_002.pt,image_trajectories/prompt_002/sample_044_t10.pt,image_trajectories/prompt_002/sample_044_noise.pt
2,45,7,Ice Cream,Plate,A scoop of ice cream served flat on a dinner plate.,text_embeddings/prompt_002.pt,image_trajectories/prompt_002/sample_045_t07.pt,image_trajectories/prompt_002/sample_045_noise.pt
2,46,5,Ice Cream,Plate,A scoop of ice cream served flat on a dinner plate.,text_embeddings/prompt_002.pt,image_trajectories/prompt_002/sample_046_t05.pt,image_trajectories/prompt_002/sample_046_noise.pt
2,47,6,Ice Cream,Plate,A scoop of ice cream served flat on a dinner plate.,text_embeddings/prompt_002.pt,image_trajectories/prompt_002/sample_047_t06.pt,image_trajectories/prompt_002/sample_047_noise.pt
2,48,7,Ice Cream,Plate,A scoop of ice cream served flat on a dinner plate.,text_embeddings/prompt_002.pt,image_trajectories/prompt_002/sample_048_t07.pt,image_trajectories/prompt_002/sample_048_noise.pt
2,49,4,Ice Cream,Plate,A scoop of ice cream served flat on a dinner plate.,text_embeddings/prompt_002.pt,image_trajectories/prompt_002/sample_049_t04.pt,image_trajectories/prompt_002/sample_049_noise.pt
2,50,4,Ice Cream,Plate,A scoop of ice cream served flat on a dinner plate.,text_embeddings/prompt_002.pt,image_trajectories/prompt_002/sample_050_t04.pt,image_trajectories/prompt_002/sample_050_noise.pt
2,51,5,Ice Cream,Plate,A scoop of ice cream served flat on a dinner plate.,text_embeddings/prompt_002.pt,image_trajectories/prompt_002/sample_051_t05.pt,image_trajectories/prompt_002/sample_051_noise.pt
2,52,4,Ice Cream,Plate,A scoop of ice cream served flat on a dinner plate.,text_embeddings/prompt_002.pt,image_trajectories/prompt_002/sample_052_t04.pt,image_trajectories/prompt_002/sample_052_noise.pt
2,53,6,Ice Cream,Plate,A scoop of ice cream served flat on a dinner plate.,text_embeddings/prompt_002.pt,image_trajectories/prompt_002/sample_053_t06.pt,image_trajectories/prompt_002/sample_053_noise.pt
2,54,6,Ice Cream,Plate,A scoop of ice cream served flat on a dinner plate.,text_embeddings/prompt_002.pt,image_trajectories/prompt_002/sample_054_t06.pt,image_trajectories/prompt_002/sample_054_noise.pt
2,55,5,Ice Cream,Plate,A scoop of ice cream served flat on a dinner plate.,text_embeddings/prompt_002.pt,image_trajectories/prompt_002/sample_055_t05.pt,image_trajectories/prompt_002/sample_055_noise.pt
2,56,9,Ice Cream,Plate,A scoop of ice cream served flat on a dinner plate.,text_embeddings/prompt_002.pt,image_trajectories/prompt_002/sample_056_t09.pt,image_trajectories/prompt_002/sample_056_noise.pt
2,57,5,Ice Cream,Plate,A scoop of ice cream served flat on a dinner plate.,text_embeddings/prompt_002.pt,image_trajectories/prompt_002/sample_057_t05.pt,image_trajectories/prompt_002/sample_057_noise.pt
2,58,6,Ice Cream,Plate,A scoop of ice cream served flat on a dinner plate.,text_embeddings/prompt_002.pt,image_trajectories/prompt_002/sample_058_t06.pt,image_trajectories/prompt_002/sample_058_noise.pt
2,59,7,Ice Cream,Plate,A scoop of ice cream served flat on a dinner plate.,text_embeddings/prompt_002.pt,image_trajectories/prompt_002/sample_059_t07.pt,image_trajectories/prompt_002/sample_059_noise.pt
2,60,8,Ice Cream,Plate,A scoop of ice cream served flat on a dinner plate.,text_embeddings/prompt_002.pt,image_trajectories/prompt_002/sample_060_t08.pt,image_trajectories/prompt_002/sample_060_noise.pt
2,61,9,Ice Cream,Plate,A scoop of ice cream served flat on a dinner plate.,text_embeddings/prompt_002.pt,image_trajectories/prompt_002/sample_061_t09.pt,image_trajectories/prompt_002/sample_061_noise.pt
2,62,4,Ice Cream,Plate,A scoop of ice cream served flat on a dinner plate.,text_embeddings/prompt_002.pt,image_trajectories/prompt_002/sample_062_t04.pt,image_trajectories/prompt_002/sample_062_noise.pt
2,63,8,Ice Cream,Plate,A scoop of ice cream served flat on a dinner plate.,text_embeddings/prompt_002.pt,image_trajectories/prompt_002/sample_063_t08.pt,image_trajectories/prompt_002/sample_063_noise.pt
2,64,5,Ice Cream,Plate,A scoop of ice cream served flat on a dinner plate.,text_embeddings/prompt_002.pt,image_trajectories/prompt_002/sample_064_t05.pt,image_trajectories/prompt_002/sample_064_noise.pt
2,65,9,Ice Cream,Plate,A scoop of ice cream served flat on a dinner plate.,text_embeddings/prompt_002.pt,image_trajectories/prompt_002/sample_065_t09.pt,image_trajectories/prompt_002/sample_065_noise.pt
2,66,7,Ice Cream,Plate,A scoop of ice cream served flat on a dinner plate.,text_embeddings/prompt_002.pt,image_trajectories/prompt_002/sample_066_t07.pt,image_trajectories/prompt_002/sample_066_noise.pt
2,67,4,Ice Cream,Plate,A scoop of ice cream served flat on a dinner plate.,text_embeddings/prompt_002.pt,image_trajectories/prompt_002/sample_067_t04.pt,image_trajectories/prompt_002/sample_067_noise.pt
2,68,6,Ice Cream,Plate,A scoop of ice cream served flat on a dinner plate.,text_embeddings/prompt_002.pt,image_trajectories/prompt_002/sample_068_t06.pt,image_trajectories/prompt_002/sample_068_noise.pt
2,69,4,Ice Cream,Plate,A scoop of ice cream served flat on a dinner plate.,text_embeddings/prompt_002.pt,image_trajectories/prompt_002/sample_069_t04.pt,image_trajectories/prompt_002/sample_069_noise.pt
2,70,10,Ice Cream,Plate,A scoop of ice cream served flat on a dinner plate.,text_embeddings/prompt_002.pt,image_trajectories/prompt_002/sample_070_t10.pt,image_trajectories/prompt_002/sample_070_noise.pt
2,71,4,Ice Cream,Plate,A scoop of ice cream served flat on a dinner plate.,text_embeddings/prompt_002.pt,image_trajectories/prompt_002/sample_071_t04.pt,image_trajectories/prompt_002/sample_071_noise.pt
2,72,7,Ice Cream,Plate,A scoop of ice cream served flat on a dinner plate.,text_embeddings/prompt_002.pt,image_trajectories/prompt_002/sample_072_t07.pt,image_trajectories/prompt_002/sample_072_noise.pt
2,73,6,Ice Cream,Plate,A scoop of ice cream served flat on a dinner plate.,text_embeddings/prompt_002.pt,image_trajectories/prompt_002/sample_073_t06.pt,image_trajectories/prompt_002/sample_073_noise.pt
2,74,9,Ice Cream,Plate,A scoop of ice cream served flat on a dinner plate.,text_embeddings/prompt_002.pt,image_trajectories/prompt_002/sample_074_t09.pt,image_trajectories/prompt_002/sample_074_noise.pt
2,75,10,Ice Cream,Plate,A scoop of ice cream served flat on a dinner plate.,text_embeddings/prompt_002.pt,image_trajectories/prompt_002/sample_075_t10.pt,image_trajectories/prompt_002/sample_075_noise.pt
2,76,9,Ice Cream,Plate,A scoop of ice cream served flat on a dinner plate.,text_embeddings/prompt_002.pt,image_trajectories/prompt_002/sample_076_t09.pt,image_trajectories/prompt_002/sample_076_noise.pt
2,77,4,Ice Cream,Plate,A scoop of ice cream served flat on a dinner plate.,text_embeddings/prompt_002.pt,image_trajectories/prompt_002/sample_077_t04.pt,image_trajectories/prompt_002/sample_077_noise.pt
2,78,6,Ice Cream,Plate,A scoop of ice cream served flat on a dinner plate.,text_embeddings/prompt_002.pt,image_trajectories/prompt_002/sample_078_t06.pt,image_trajectories/prompt_002/sample_078_noise.pt
2,79,6,Ice Cream,Plate,A scoop of ice cream served flat on a dinner plate.,text_embeddings/prompt_002.pt,image_trajectories/prompt_002/sample_079_t06.pt,image_trajectories/prompt_002/sample_079_noise.pt
2,80,4,Ice Cream,Plate,A scoop of ice cream served flat on a dinner plate.,text_embeddings/prompt_002.pt,image_trajectories/prompt_002/sample_080_t04.pt,image_trajectories/prompt_002/sample_080_noise.pt
2,81,5,Ice Cream,Plate,A scoop of ice cream served flat on a dinner plate.,text_embeddings/prompt_002.pt,image_trajectories/prompt_002/sample_081_t05.pt,image_trajectories/prompt_002/sample_081_noise.pt
2,82,8,Ice Cream,Plate,A scoop of ice cream served flat on a dinner plate.,text_embeddings/prompt_002.pt,image_trajectories/prompt_002/sample_082_t08.pt,image_trajectories/prompt_002/sample_082_noise.pt
2,83,5,Ice Cream,Plate,A scoop of ice cream served flat on a dinner plate.,text_embeddings/prompt_002.pt,image_trajectories/prompt_002/sample_083_t05.pt,image_trajectories/prompt_002/sample_083_noise.pt
2,84,6,Ice Cream,Plate,A scoop of ice cream served flat on a dinner plate.,text_embeddings/prompt_002.pt,image_trajectories/prompt_002/sample_084_t06.pt,image_trajectories/prompt_002/sample_084_noise.pt
2,85,9,Ice Cream,Plate,A scoop of ice cream served flat on a dinner plate.,text_embeddings/prompt_002.pt,image_trajectories/prompt_002/sample_085_t09.pt,image_trajectories/prompt_002/sample_085_noise.pt
2,86,4,Ice Cream,Plate,A scoop of ice cream served flat on a dinner plate.,text_embeddings/prompt_002.pt,image_trajectories/prompt_002/sample_086_t04.pt,image_trajectories/prompt_002/sample_086_noise.pt
2,87,6,Ice Cream,Plate,A scoop of ice cream served flat on a dinner plate.,text_embeddings/prompt_002.pt,image_trajectories/prompt_002/sample_087_t06.pt,image_trajectories/prompt_002/sample_087_noise.pt
2,88,5,Ice Cream,Plate,A scoop of ice cream served flat on a dinner plate.,text_embeddings/prompt_002.pt,image_trajectories/prompt_002/sample_088_t05.pt,image_trajectories/prompt_002/sample_088_noise.pt
2,89,6,Ice Cream,Plate,A scoop of ice cream served flat on a dinner plate.,text_embeddings/prompt_002.pt,image_trajectories/prompt_002/sample_089_t06.pt,image_trajectories/prompt_002/sample_089_noise.pt
2,90,6,Ice Cream,Plate,A scoop of ice cream served flat on a dinner plate.,text_embeddings/prompt_002.pt,image_trajectories/prompt_002/sample_090_t06.pt,image_trajectories/prompt_002/sample_090_noise.pt
2,91,10,Ice Cream,Plate,A scoop of ice cream served flat on a dinner plate.,text_embeddings/prompt_002.pt,image_trajectories/prompt_002/sample_091_t10.pt,image_trajectories/prompt_002/sample_091_noise.pt
2,92,9,Ice Cream,Plate,A scoop of ice cream served flat on a dinner plate.,text_embeddings/prompt_002.pt,image_trajectories/prompt_002/sample_092_t09.pt,image_trajectories/prompt_002/sample_092_noise.pt
2,93,7,Ice Cream,Plate,A scoop of ice cream served flat on a dinner plate.,text_embeddings/prompt_002.pt,image_trajectories/prompt_002/sample_093_t07.pt,image_trajectories/prompt_002/sample_093_noise.pt
2,94,6,Ice Cream,Plate,A scoop of ice cream served flat on a dinner plate.,text_embeddings/prompt_002.pt,image_trajectories/prompt_002/sample_094_t06.pt,image_trajectories/prompt_002/sample_094_noise.pt
2,95,6,Ice Cream,Plate,A scoop of ice cream served flat on a dinner plate.,text_embeddings/prompt_002.pt,image_trajectories/prompt_002/sample_095_t06.pt,image_trajectories/prompt_002/sample_095_noise.pt
2,96,4,Ice Cream,Plate,A scoop of ice cream served flat on a dinner plate.,text_embeddings/prompt_002.pt,image_trajectories/prompt_002/sample_096_t04.pt,image_trajectories/prompt_002/sample_096_noise.pt
2,97,6,Ice Cream,Plate,A scoop of ice cream served flat on a dinner plate.,text_embeddings/prompt_002.pt,image_trajectories/prompt_002/sample_097_t06.pt,image_trajectories/prompt_002/sample_097_noise.pt
2,98,5,Ice Cream,Plate,A scoop of ice cream served flat on a dinner plate.,text_embeddings/prompt_002.pt,image_trajectories/prompt_002/sample_098_t05.pt,image_trajectories/prompt_002/sample_098_noise.pt
2,99,6,Ice Cream,Plate,A scoop of ice cream served flat on a dinner plate.,text_embeddings/prompt_002.pt,image_trajectories/prompt_002/sample_099_t06.pt,image_trajectories/prompt_002/sample_099_noise.pt
3,0,7,Spaghetti,Plate,A serving of spaghetti with sauce on a dinner plate.,text_embeddings/prompt_003.pt,image_trajectories/prompt_003/sample_000_t07.pt,image_trajectories/prompt_003/sample_000_noise.pt
3,1,4,Spaghetti,Plate,A serving of spaghetti with sauce on a dinner plate.,text_embeddings/prompt_003.pt,image_trajectories/prompt_003/sample_001_t04.pt,image_trajectories/prompt_003/sample_001_noise.pt
3,2,5,Spaghetti,Plate,A serving of spaghetti with sauce on a dinner plate.,text_embeddings/prompt_003.pt,image_trajectories/prompt_003/sample_002_t05.pt,image_trajectories/prompt_003/sample_002_noise.pt
3,3,7,Spaghetti,Plate,A serving of spaghetti with sauce on a dinner plate.,text_embeddings/prompt_003.pt,image_trajectories/prompt_003/sample_003_t07.pt,image_trajectories/prompt_003/sample_003_noise.pt
3,4,8,Spaghetti,Plate,A serving of spaghetti with sauce on a dinner plate.,text_embeddings/prompt_003.pt,image_trajectories/prompt_003/sample_004_t08.pt,image_trajectories/prompt_003/sample_004_noise.pt
3,5,4,Spaghetti,Plate,A serving of spaghetti with sauce on a dinner plate.,text_embeddings/prompt_003.pt,image_trajectories/prompt_003/sample_005_t04.pt,image_trajectories/prompt_003/sample_005_noise.pt
3,6,6,Spaghetti,Plate,A serving of spaghetti with sauce on a dinner plate.,text_embeddings/prompt_003.pt,image_trajectories/prompt_003/sample_006_t06.pt,image_trajectories/prompt_003/sample_006_noise.pt
3,7,4,Spaghetti,Plate,A serving of spaghetti with sauce on a dinner plate.,text_embeddings/prompt_003.pt,image_trajectories/prompt_003/sample_007_t04.pt,image_trajectories/prompt_003/sample_007_noise.pt
3,8,4,Spaghetti,Plate,A serving of spaghetti with sauce on a dinner plate.,text_embeddings/prompt_003.pt,image_trajectories/prompt_003/sample_008_t04.pt,image_trajectories/prompt_003/sample_008_noise.pt
3,9,9,Spaghetti,Plate,A serving of spaghetti with sauce on a dinner plate.,text_embeddings/prompt_003.pt,image_trajectories/prompt_003/sample_009_t09.pt,image_trajectories/prompt_003/sample_009_noise.pt
3,10,8,Spaghetti,Plate,A serving of spaghetti with sauce on a dinner plate.,text_embeddings/prompt_003.pt,image_trajectories/prompt_003/sample_010_t08.pt,image_trajectories/prompt_003/sample_010_noise.pt
3,11,7,Spaghetti,Plate,A serving of spaghetti with sauce on a dinner plate.,text_embeddings/prompt_003.pt,image_trajectories/prompt_003/sample_011_t07.pt,image_trajectories/prompt_003/sample_011_noise.pt
3,12,10,Spaghetti,Plate,A serving of spaghetti with sauce on a dinner plate.,text_embeddings/prompt_003.pt,image_trajectories/prompt_003/sample_012_t10.pt,image_trajectories/prompt_003/sample_012_noise.pt
3,13,7,Spaghetti,Plate,A serving of spaghetti with sauce on a dinner plate.,text_embeddings/prompt_003.pt,image_trajectories/prompt_003/sample_013_t07.pt,image_trajectories/prompt_003/sample_013_noise.pt
3,14,6,Spaghetti,Plate,A serving of spaghetti with sauce on a dinner plate.,text_embeddings/prompt_003.pt,image_trajectories/prompt_003/sample_014_t06.pt,image_trajectories/prompt_003/sample_014_noise.pt
3,15,10,Spaghetti,Plate,A serving of spaghetti with sauce on a dinner plate.,text_embeddings/prompt_003.pt,image_trajectories/prompt_003/sample_015_t10.pt,image_trajectories/prompt_003/sample_015_noise.pt
3,16,6,Spaghetti,Plate,A serving of spaghetti with sauce on a dinner plate.,text_embeddings/prompt_003.pt,image_trajectories/prompt_003/sample_016_t06.pt,image_trajectories/prompt_003/sample_016_noise.pt
3,17,5,Spaghetti,Plate,A serving of spaghetti with sauce on a dinner plate.,text_embeddings/prompt_003.pt,image_trajectories/prompt_003/sample_017_t05.pt,image_trajectories/prompt_003/sample_017_noise.pt
3,18,4,Spaghetti,Plate,A serving of spaghetti with sauce on a dinner plate.,text_embeddings/prompt_003.pt,image_trajectories/prompt_003/sample_018_t04.pt,image_trajectories/prompt_003/sample_018_noise.pt
3,19,10,Spaghetti,Plate,A serving of spaghetti with sauce on a dinner plate.,text_embeddings/prompt_003.pt,image_trajectories/prompt_003/sample_019_t10.pt,image_trajectories/prompt_003/sample_019_noise.pt
3,20,9,Spaghetti,Plate,A serving of spaghetti with sauce on a dinner plate.,text_embeddings/prompt_003.pt,image_trajectories/prompt_003/sample_020_t09.pt,image_trajectories/prompt_003/sample_020_noise.pt
3,21,9,Spaghetti,Plate,A serving of spaghetti with sauce on a dinner plate.,text_embeddings/prompt_003.pt,image_trajectories/prompt_003/sample_021_t09.pt,image_trajectories/prompt_003/sample_021_noise.pt
3,22,8,Spaghetti,Plate,A serving of spaghetti with sauce on a dinner plate.,text_embeddings/prompt_003.pt,image_trajectories/prompt_003/sample_022_t08.pt,image_trajectories/prompt_003/sample_022_noise.pt
3,23,10,Spaghetti,Plate,A serving of spaghetti with sauce on a dinner plate.,text_embeddings/prompt_003.pt,image_trajectories/prompt_003/sample_023_t10.pt,image_trajectories/prompt_003/sample_023_noise.pt
3,24,7,Spaghetti,Plate,A serving of spaghetti with sauce on a dinner plate.,text_embeddings/prompt_003.pt,image_trajectories/prompt_003/sample_024_t07.pt,image_trajectories/prompt_003/sample_024_noise.pt
3,25,8,Spaghetti,Plate,A serving of spaghetti with sauce on a dinner plate.,text_embeddings/prompt_003.pt,image_trajectories/prompt_003/sample_025_t08.pt,image_trajectories/prompt_003/sample_025_noise.pt
3,26,5,Spaghetti,Plate,A serving of spaghetti with sauce on a dinner plate.,text_embeddings/prompt_003.pt,image_trajectories/prompt_003/sample_026_t05.pt,image_trajectories/prompt_003/sample_026_noise.pt
3,27,6,Spaghetti,Plate,A serving of spaghetti with sauce on a dinner plate.,text_embeddings/prompt_003.pt,image_trajectories/prompt_003/sample_027_t06.pt,image_trajectories/prompt_003/sample_027_noise.pt
3,28,9,Spaghetti,Plate,A serving of spaghetti with sauce on a dinner plate.,text_embeddings/prompt_003.pt,image_trajectories/prompt_003/sample_028_t09.pt,image_trajectories/prompt_003/sample_028_noise.pt
3,29,5,Spaghetti,Plate,A serving of spaghetti with sauce on a dinner plate.,text_embeddings/prompt_003.pt,image_trajectories/prompt_003/sample_029_t05.pt,image_trajectories/prompt_003/sample_029_noise.pt
3,30,8,Spaghetti,Plate,A serving of spaghetti with sauce on a dinner plate.,text_embeddings/prompt_003.pt,image_trajectories/prompt_003/sample_030_t08.pt,image_trajectories/prompt_003/sample_030_noise.pt
3,31,10,Spaghetti,Plate,A serving of spaghetti with sauce on a dinner plate.,text_embeddings/prompt_003.pt,image_trajectories/prompt_003/sample_031_t10.pt,image_trajectories/prompt_003/sample_031_noise.pt
3,32,7,Spaghetti,Plate,A serving of spaghetti with sauce on a dinner plate.,text_embeddings/prompt_003.pt,image_trajectories/prompt_003/sample_032_t07.pt,image_trajectories/prompt_003/sample_032_noise.pt
3,33,9,Spaghetti,Plate,A serving of spaghetti with sauce on a dinner plate.,text_embeddings/prompt_003.pt,image_trajectories/prompt_003/sample_033_t09.pt,image_trajectories/prompt_003/sample_033_noise.pt
3,34,8,Spaghetti,Plate,A serving of spaghetti with sauce on a dinner plate.,text_embeddings/prompt_003.pt,image_trajectories/prompt_003/sample_034_t08.pt,image_trajectories/prompt_003/sample_034_noise.pt
3,35,6,Spaghetti,Plate,A serving of spaghetti with sauce on a dinner plate.,text_embeddings/prompt_003.pt,image_trajectories/prompt_003/sample_035_t06.pt,image_trajectories/prompt_003/sample_035_noise.pt
3,36,8,Spaghetti,Plate,A serving of spaghetti with sauce on a dinner plate.,text_embeddings/prompt_003.pt,image_trajectories/prompt_003/sample_036_t08.pt,image_trajectories/prompt_003/sample_036_noise.pt
3,37,9,Spaghetti,Plate,A serving of spaghetti with sauce on a dinner plate.,text_embeddings/prompt_003.pt,image_trajectories/prompt_003/sample_037_t09.pt,image_trajectories/prompt_003/sample_037_noise.pt
3,38,9,Spaghetti,Plate,A serving of spaghetti with sauce on a dinner plate.,text_embeddings/prompt_003.pt,image_trajectories/prompt_003/sample_038_t09.pt,image_trajectories/prompt_003/sample_038_noise.pt
3,39,7,Spaghetti,Plate,A serving of spaghetti with sauce on a dinner plate.,text_embeddings/prompt_003.pt,image_trajectories/prompt_003/sample_039_t07.pt,image_trajectories/prompt_003/sample_039_noise.pt
3,40,8,Spaghetti,Plate,A serving of spaghetti with sauce on a dinner plate.,text_embeddings/prompt_003.pt,image_trajectories/prompt_003/sample_040_t08.pt,image_trajectories/prompt_003/sample_040_noise.pt
3,41,6,Spaghetti,Plate,A serving of spaghetti with sauce on a dinner plate.,text_embeddings/prompt_003.pt,image_trajectories/prompt_003/sample_041_t06.pt,image_trajectories/prompt_003/sample_041_noise.pt
3,42,9,Spaghetti,Plate,A serving of spaghetti with sauce on a dinner plate.,text_embeddings/prompt_003.pt,image_trajectories/prompt_003/sample_042_t09.pt,image_trajectories/prompt_003/sample_042_noise.pt
3,43,9,Spaghetti,Plate,A serving of spaghetti with sauce on a dinner plate.,text_embeddings/prompt_003.pt,image_trajectories/prompt_003/sample_043_t09.pt,image_trajectories/prompt_003/sample_043_noise.pt
3,44,8,Spaghetti,Plate,A serving of spaghetti with sauce on a dinner plate.,text_embeddings/prompt_003.pt,image_trajectories/prompt_003/sample_044_t08.pt,image_trajectories/prompt_003/sample_044_noise.pt
3,45,8,Spaghetti,Plate,A serving of spaghetti with sauce on a dinner plate.,text_embeddings/prompt_003.pt,image_trajectories/prompt_003/sample_045_t08.pt,image_trajectories/prompt_003/sample_045_noise.pt
3,46,10,Spaghetti,Plate,A serving of spaghetti with sauce on a dinner plate.,text_embeddings/prompt_003.pt,image_trajectories/prompt_003/sample_046_t10.pt,image_trajectories/prompt_003/sample_046_noise.pt
3,47,5,Spaghetti,Plate,A serving of spaghetti with sauce on a dinner plate.,text_embeddings/prompt_003.pt,image_trajectories/prompt_003/sample_047_t05.pt,image_trajectories/prompt_003/sample_047_noise.pt
3,48,10,Spaghetti,Plate,A serving of spaghetti with sauce on a dinner plate.,text_embeddings/prompt_003.pt,image_trajectories/prompt_003/sample_048_t10.pt,image_trajectories/prompt_003/sample_048_noise.pt
3,49,10,Spaghetti,Plate,A serving of spaghetti with sauce on a dinner plate.,text_embeddings/prompt_003.pt,image_trajectories/prompt_003/sample_049_t10.pt,image_trajectories/prompt_003/sample_049_noise.pt
3,50,7,Spaghetti,Plate,A serving of spaghetti with sauce on a dinner plate.,text_embeddings/prompt_003.pt,image_trajectories/prompt_003/sample_050_t07.pt,image_trajectories/prompt_003/sample_050_noise.pt
3,51,5,Spaghetti,Plate,A serving of spaghetti with sauce on a dinner plate.,text_embeddings/prompt_003.pt,image_trajectories/prompt_003/sample_051_t05.pt,image_trajectories/prompt_003/sample_051_noise.pt
3,52,8,Spaghetti,Plate,A serving of spaghetti with sauce on a dinner plate.,text_embeddings/prompt_003.pt,image_trajectories/prompt_003/sample_052_t08.pt,image_trajectories/prompt_003/sample_052_noise.pt
3,53,6,Spaghetti,Plate,A serving of spaghetti with sauce on a dinner plate.,text_embeddings/prompt_003.pt,image_trajectories/prompt_003/sample_053_t06.pt,image_trajectories/prompt_003/sample_053_noise.pt
3,54,10,Spaghetti,Plate,A serving of spaghetti with sauce on a dinner plate.,text_embeddings/prompt_003.pt,image_trajectories/prompt_003/sample_054_t10.pt,image_trajectories/prompt_003/sample_054_noise.pt
3,55,10,Spaghetti,Plate,A serving of spaghetti with sauce on a dinner plate.,text_embeddings/prompt_003.pt,image_trajectories/prompt_003/sample_055_t10.pt,image_trajectories/prompt_003/sample_055_noise.pt
3,56,5,Spaghetti,Plate,A serving of spaghetti with sauce on a dinner plate.,text_embeddings/prompt_003.pt,image_trajectories/prompt_003/sample_056_t05.pt,image_trajectories/prompt_003/sample_056_noise.pt
3,57,9,Spaghetti,Plate,A serving of spaghetti with sauce on a dinner plate.,text_embeddings/prompt_003.pt,image_trajectories/prompt_003/sample_057_t09.pt,image_trajectories/prompt_003/sample_057_noise.pt
3,58,10,Spaghetti,Plate,A serving of spaghetti with sauce on a dinner plate.,text_embeddings/prompt_003.pt,image_trajectories/prompt_003/sample_058_t10.pt,image_trajectories/prompt_003/sample_058_noise.pt
3,59,4,Spaghetti,Plate,A serving of spaghetti with sauce on a dinner plate.,text_embeddings/prompt_003.pt,image_trajectories/prompt_003/sample_059_t04.pt,image_trajectories/prompt_003/sample_059_noise.pt
3,60,6,Spaghetti,Plate,A serving of spaghetti with sauce on a dinner plate.,text_embeddings/prompt_003.pt,image_trajectories/prompt_003/sample_060_t06.pt,image_trajectories/prompt_003/sample_060_noise.pt
3,61,5,Spaghetti,Plate,A serving of spaghetti with sauce on a dinner plate.,text_embeddings/prompt_003.pt,image_trajectories/prompt_003/sample_061_t05.pt,image_trajectories/prompt_003/sample_061_noise.pt
3,62,7,Spaghetti,Plate,A serving of spaghetti with sauce on a dinner plate.,text_embeddings/prompt_003.pt,image_trajectories/prompt_003/sample_062_t07.pt,image_trajectories/prompt_003/sample_062_noise.pt
3,63,8,Spaghetti,Plate,A serving of spaghetti with sauce on a dinner plate.,text_embeddings/prompt_003.pt,image_trajectories/prompt_003/sample_063_t08.pt,image_trajectories/prompt_003/sample_063_noise.pt
3,64,8,Spaghetti,Plate,A serving of spaghetti with sauce on a dinner plate.,text_embeddings/prompt_003.pt,image_trajectories/prompt_003/sample_064_t08.pt,image_trajectories/prompt_003/sample_064_noise.pt
3,65,4,Spaghetti,Plate,A serving of spaghetti with sauce on a dinner plate.,text_embeddings/prompt_003.pt,image_trajectories/prompt_003/sample_065_t04.pt,image_trajectories/prompt_003/sample_065_noise.pt
3,66,4,Spaghetti,Plate,A serving of spaghetti with sauce on a dinner plate.,text_embeddings/prompt_003.pt,image_trajectories/prompt_003/sample_066_t04.pt,image_trajectories/prompt_003/sample_066_noise.pt
3,67,6,Spaghetti,Plate,A serving of spaghetti with sauce on a dinner plate.,text_embeddings/prompt_003.pt,image_trajectories/prompt_003/sample_067_t06.pt,image_trajectories/prompt_003/sample_067_noise.pt
3,68,7,Spaghetti,Plate,A serving of spaghetti with sauce on a dinner plate.,text_embeddings/prompt_003.pt,image_trajectories/prompt_003/sample_068_t07.pt,image_trajectories/prompt_003/sample_068_noise.pt
3,69,9,Spaghetti,Plate,A serving of spaghetti with sauce on a dinner plate.,text_embeddings/prompt_003.pt,image_trajectories/prompt_003/sample_069_t09.pt,image_trajectories/prompt_003/sample_069_noise.pt
3,70,5,Spaghetti,Plate,A serving of spaghetti with sauce on a dinner plate.,text_embeddings/prompt_003.pt,image_trajectories/prompt_003/sample_070_t05.pt,image_trajectories/prompt_003/sample_070_noise.pt
3,71,5,Spaghetti,Plate,A serving of spaghetti with sauce on a dinner plate.,text_embeddings/prompt_003.pt,image_trajectories/prompt_003/sample_071_t05.pt,image_trajectories/prompt_003/sample_071_noise.pt
3,72,10,Spaghetti,Plate,A serving of spaghetti with sauce on a dinner plate.,text_embeddings/prompt_003.pt,image_trajectories/prompt_003/sample_072_t10.pt,image_trajectories/prompt_003/sample_072_noise.pt
3,73,8,Spaghetti,Plate,A serving of spaghetti with sauce on a dinner plate.,text_embeddings/prompt_003.pt,image_trajectories/prompt_003/sample_073_t08.pt,image_trajectories/prompt_003/sample_073_noise.pt
3,74,6,Spaghetti,Plate,A serving of spaghetti with sauce on a dinner plate.,text_embeddings/prompt_003.pt,image_trajectories/prompt_003/sample_074_t06.pt,image_trajectories/prompt_003/sample_074_noise.pt
3,75,5,Spaghetti,Plate,A serving of spaghetti with sauce on a dinner plate.,text_embeddings/prompt_003.pt,image_trajectories/prompt_003/sample_075_t05.pt,image_trajectories/prompt_003/sample_075_noise.pt
3,76,8,Spaghetti,Plate,A serving of spaghetti with sauce on a dinner plate.,text_embeddings/prompt_003.pt,image_trajectories/prompt_003/sample_076_t08.pt,image_trajectories/prompt_003/sample_076_noise.pt
3,77,4,Spaghetti,Plate,A serving of spaghetti with sauce on a dinner plate.,text_embeddings/prompt_003.pt,image_trajectories/prompt_003/sample_077_t04.pt,image_trajectories/prompt_003/sample_077_noise.pt
3,78,10,Spaghetti,Plate,A serving of spaghetti with sauce on a dinner plate.,text_embeddings/prompt_003.pt,image_trajectories/prompt_003/sample_078_t10.pt,image_trajectories/prompt_003/sample_078_noise.pt
3,79,10,Spaghetti,Plate,A serving of spaghetti with sauce on a dinner plate.,text_embeddings/prompt_003.pt,image_trajectories/prompt_003/sample_079_t10.pt,image_trajectories/prompt_003/sample_079_noise.pt
3,80,4,Spaghetti,Plate,A serving of spaghetti with sauce on a dinner plate.,text_embeddings/prompt_003.pt,image_trajectories/prompt_003/sample_080_t04.pt,image_trajectories/prompt_003/sample_080_noise.pt
3,81,6,Spaghetti,Plate,A serving of spaghetti with sauce on a dinner plate.,text_embeddings/prompt_003.pt,image_trajectories/prompt_003/sample_081_t06.pt,image_trajectories/prompt_003/sample_081_noise.pt
3,82,7,Spaghetti,Plate,A serving of spaghetti with sauce on a dinner plate.,text_embeddings/prompt_003.pt,image_trajectories/prompt_003/sample_082_t07.pt,image_trajectories/prompt_003/sample_082_noise.pt
3,83,10,Spaghetti,Plate,A serving of spaghetti with sauce on a dinner plate.,text_embeddings/prompt_003.pt,image_trajectories/prompt_003/sample_083_t10.pt,image_trajectories/prompt_003/sample_083_noise.pt
3,84,7,Spaghetti,Plate,A serving of spaghetti with sauce on a dinner plate.,text_embeddings/prompt_003.pt,image_trajectories/prompt_003/sample_084_t07.pt,image_trajectories/prompt_003/sample_084_noise.pt
3,85,10,Spaghetti,Plate,A serving of spaghetti with sauce on a dinner plate.,text_embeddings/prompt_003.pt,image_trajectories/prompt_003/sample_085_t10.pt,image_trajectories/prompt_003/sample_085_noise.pt
3,86,4,Spaghetti,Plate,A serving of spaghetti with sauce on a dinner plate.,text_embeddings/prompt_003.pt,image_trajectories/prompt_003/sample_086_t04.pt,image_trajectories/prompt_003/sample_086_noise.pt
3,87,9,Spaghetti,Plate,A serving of spaghetti with sauce on a dinner plate.,text_embeddings/prompt_003.pt,image_trajectories/prompt_003/sample_087_t09.pt,image_trajectories/prompt_003/sample_087_noise.pt
3,88,9,Spaghetti,Plate,A serving of spaghetti with sauce on a dinner plate.,text_embeddings/prompt_003.pt,image_trajectories/prompt_003/sample_088_t09.pt,image_trajectories/prompt_003/sample_088_noise.pt
3,89,7,Spaghetti,Plate,A serving of spaghetti with sauce on a dinner plate.,text_embeddings/prompt_003.pt,image_trajectories/prompt_003/sample_089_t07.pt,image_trajectories/prompt_003/sample_089_noise.pt
3,90,9,Spaghetti,Plate,A serving of spaghetti with sauce on a dinner plate.,text_embeddings/prompt_003.pt,image_trajectories/prompt_003/sample_090_t09.pt,image_trajectories/prompt_003/sample_090_noise.pt
3,91,10,Spaghetti,Plate,A serving of spaghetti with sauce on a dinner plate.,text_embeddings/prompt_003.pt,image_trajectories/prompt_003/sample_091_t10.pt,image_trajectories/prompt_003/sample_091_noise.pt
3,92,10,Spaghetti,Plate,A serving of spaghetti with sauce on a dinner plate.,text_embeddings/prompt_003.pt,image_trajectories/prompt_003/sample_092_t10.pt,image_trajectories/prompt_003/sample_092_noise.pt
3,93,5,Spaghetti,Plate,A serving of spaghetti with sauce on a dinner plate.,text_embeddings/prompt_003.pt,image_trajectories/prompt_003/sample_093_t05.pt,image_trajectories/prompt_003/sample_093_noise.pt
3,94,4,Spaghetti,Plate,A serving of spaghetti with sauce on a dinner plate.,text_embeddings/prompt_003.pt,image_trajectories/prompt_003/sample_094_t04.pt,image_trajectories/prompt_003/sample_094_noise.pt
3,95,7,Spaghetti,Plate,A serving of spaghetti with sauce on a dinner plate.,text_embeddings/prompt_003.pt,image_trajectories/prompt_003/sample_095_t07.pt,image_trajectories/prompt_003/sample_095_noise.pt
3,96,7,Spaghetti,Plate,A serving of spaghetti with sauce on a dinner plate.,text_embeddings/prompt_003.pt,image_trajectories/prompt_003/sample_096_t07.pt,image_trajectories/prompt_003/sample_096_noise.pt
3,97,9,Spaghetti,Plate,A serving of spaghetti with sauce on a dinner plate.,text_embeddings/prompt_003.pt,image_trajectories/prompt_003/sample_097_t09.pt,image_trajectories/prompt_003/sample_097_noise.pt
3,98,6,Spaghetti,Plate,A serving of spaghetti with sauce on a dinner plate.,text_embeddings/prompt_003.pt,image_trajectories/prompt_003/sample_098_t06.pt,image_trajectories/prompt_003/sample_098_noise.pt
3,99,9,Spaghetti,Plate,A serving of spaghetti with sauce on a dinner plate.,text_embeddings/prompt_003.pt,image_trajectories/prompt_003/sample_099_t09.pt,image_trajectories/prompt_003/sample_099_noise.pt
4,0,5,Spaghetti,Cone,A serving of spaghetti with sauce served in a crunchy cone.,text_embeddings/prompt_004.pt,image_trajectories/prompt_004/sample_000_t05.pt,image_trajectories/prompt_004/sample_000_noise.pt
4,1,8,Spaghetti,Cone,A serving of spaghetti with sauce served in a crunchy cone.,text_embeddings/prompt_004.pt,image_trajectories/prompt_004/sample_001_t08.pt,image_trajectories/prompt_004/sample_001_noise.pt
4,2,7,Spaghetti,Cone,A serving of spaghetti with sauce served in a crunchy cone.,text_embeddings/prompt_004.pt,image_trajectories/prompt_004/sample_002_t07.pt,image_trajectories/prompt_004/sample_002_noise.pt
4,3,7,Spaghetti,Cone,A serving of spaghetti with sauce served in a crunchy cone.,text_embeddings/prompt_004.pt,image_trajectories/prompt_004/sample_003_t07.pt,image_trajectories/prompt_004/sample_003_noise.pt
4,4,5,Spaghetti,Cone,A serving of spaghetti with sauce served in a crunchy cone.,text_embeddings/prompt_004.pt,image_trajectories/prompt_004/sample_004_t05.pt,image_trajectories/prompt_004/sample_004_noise.pt
4,5,9,Spaghetti,Cone,A serving of spaghetti with sauce served in a crunchy cone.,text_embeddings/prompt_004.pt,image_trajectories/prompt_004/sample_005_t09.pt,image_trajectories/prompt_004/sample_005_noise.pt
4,6,10,Spaghetti,Cone,A serving of spaghetti with sauce served in a crunchy cone.,text_embeddings/prompt_004.pt,image_trajectories/prompt_004/sample_006_t10.pt,image_trajectories/prompt_004/sample_006_noise.pt
4,7,5,Spaghetti,Cone,A serving of spaghetti with sauce served in a crunchy cone.,text_embeddings/prompt_004.pt,image_trajectories/prompt_004/sample_007_t05.pt,image_trajectories/prompt_004/sample_007_noise.pt
4,8,8,Spaghetti,Cone,A serving of spaghetti with sauce served in a crunchy cone.,text_embeddings/prompt_004.pt,image_trajectories/prompt_004/sample_008_t08.pt,image_trajectories/prompt_004/sample_008_noise.pt
4,9,10,Spaghetti,Cone,A serving of spaghetti with sauce served in a crunchy cone.,text_embeddings/prompt_004.pt,image_trajectories/prompt_004/sample_009_t10.pt,image_trajectories/prompt_004/sample_009_noise.pt
4,10,8,Spaghetti,Cone,A serving of spaghetti with sauce served in a crunchy cone.,text_embeddings/prompt_004.pt,image_trajectories/prompt_004/sample_010_t08.pt,image_trajectories/prompt_004/sample_010_noise.pt
4,11,4,Spaghetti,Cone,A serving of spaghetti with sauce served in a crunchy cone.,text_embeddings/prompt_004.pt,image_trajectories/prompt_004/sample_011_t04.pt,image_trajectories/prompt_004/sample_011_noise.pt
4,12,10,Spaghetti,Cone,A serving of spaghetti with sauce served in a crunchy cone.,text_embeddings/prompt_004.pt,image_trajectories/prompt_004/sample_012_t10.pt,image_trajectories/prompt_004/sample_012_noise.pt
4,13,10,Spaghetti,Cone,A serving of spaghetti with sauce served in a crunchy cone.,text_embeddings/prompt_004.pt,image_trajectories/prompt_004/sample_013_t10.pt,image_trajectories/prompt_004/sample_013_noise.pt
4,14,5,Spaghetti,Cone,A serving of spaghetti with sauce served in a crunchy cone.,text_embeddings/prompt_004.pt,image_trajectories/prompt_004/sample_014_t05.pt,image_trajectories/prompt_004/sample_014_noise.pt
4,15,5,Spaghetti,Cone,A serving of spaghetti with sauce served in a crunchy cone.,text_embeddings/prompt_004.pt,image_trajectories/prompt_004/sample_015_t05.pt,image_trajectories/prompt_004/sample_015_noise.pt
4,16,9,Spaghetti,Cone,A serving of spaghetti with sauce served in a crunchy cone.,text_embeddings/prompt_004.pt,image_trajectories/prompt_004/sample_016_t09.pt,image_trajectories/prompt_004/sample_016_noise.pt
4,17,6,Spaghetti,Cone,A serving of spaghetti with sauce served in a crunchy cone.,text_embeddings/prompt_004.pt,image_trajectories/prompt_004/sample_017_t06.pt,image_trajectories/prompt_004/sample_017_noise.pt
4,18,9,Spaghetti,Cone,A serving of spaghetti with sauce served in a crunchy cone.,text_embeddings/prompt_004.pt,image_trajectories/prompt_004/sample_018_t09.pt,image_trajectories/prompt_004/sample_018_noise.pt
4,19,5,Spaghetti,Cone,A serving of spaghetti with sauce served in a crunchy cone.,text_embeddings/prompt_004.pt,image_trajectories/prompt_004/sample_019_t05.pt,image_trajectories/prompt_004/sample_019_noise.pt
4,20,8,Spaghetti,Cone,A serving of spaghetti with sauce served in a crunchy cone.,text_embeddings/prompt_004.pt,image_trajectories/prompt_004/sample_020_t08.pt,image_trajectories/prompt_004/sample_020_noise.pt
4,21,9,Spaghetti,Cone,A serving of spaghetti with sauce served in a crunchy cone.,text_embeddings/prompt_004.pt,image_trajectories/prompt_004/sample_021_t09.pt,image_trajectories/prompt_004/sample_021_noise.pt
4,22,6,Spaghetti,Cone,A serving of spaghetti with sauce served in a crunchy cone.,text_embeddings/prompt_004.pt,image_trajectories/prompt_004/sample_022_t06.pt,image_trajectories/prompt_004/sample_022_noise.pt
4,23,6,Spaghetti,Cone,A serving of spaghetti with sauce served in a crunchy cone.,text_embeddings/prompt_004.pt,image_trajectories/prompt_004/sample_023_t06.pt,image_trajectories/prompt_004/sample_023_noise.pt
4,24,5,Spaghetti,Cone,A serving of spaghetti with sauce served in a crunchy cone.,text_embeddings/prompt_004.pt,image_trajectories/prompt_004/sample_024_t05.pt,image_trajectories/prompt_004/sample_024_noise.pt
4,25,10,Spaghetti,Cone,A serving of spaghetti with sauce served in a crunchy cone.,text_embeddings/prompt_004.pt,image_trajectories/prompt_004/sample_025_t10.pt,image_trajectories/prompt_004/sample_025_noise.pt
4,26,6,Spaghetti,Cone,A serving of spaghetti with sauce served in a crunchy cone.,text_embeddings/prompt_004.pt,image_trajectories/prompt_004/sample_026_t06.pt,image_trajectories/prompt_004/sample_026_noise.pt
4,27,10,Spaghetti,Cone,A serving of spaghetti with sauce served in a crunchy cone.,text_embeddings/prompt_004.pt,image_trajectories/prompt_004/sample_027_t10.pt,image_trajectories/prompt_004/sample_027_noise.pt
4,28,6,Spaghetti,Cone,A serving of spaghetti with sauce served in a crunchy cone.,text_embeddings/prompt_004.pt,image_trajectories/prompt_004/sample_028_t06.pt,image_trajectories/prompt_004/sample_028_noise.pt
4,29,8,Spaghetti,Cone,A serving of spaghetti with sauce served in a crunchy cone.,text_embeddings/prompt_004.pt,image_trajectories/prompt_004/sample_029_t08.pt,image_trajectories/prompt_004/sample_029_noise.pt
4,30,6,Spaghetti,Cone,A serving of spaghetti with sauce served in a crunchy cone.,text_embeddings/prompt_004.pt,image_trajectories/prompt_004/sample_030_t06.pt,image_trajectories/prompt_004/sample_030_noise.pt
4,31,9,Spaghetti,Cone,A serving of spaghetti with sauce served in a crunchy cone.,text_embeddings/prompt_004.pt,image_trajectories/prompt_004/sample_031_t09.pt,image_trajectories/prompt_004/sample_031_noise.pt
4,32,9,Spaghetti,Cone,A serving of spaghetti with sauce served in a crunchy cone.,text_embeddings/prompt_004.pt,image_trajectories/prompt_004/sample_032_t09.pt,image_trajectories/prompt_004/sample_032_noise.pt
4,33,7,Spaghetti,Cone,A serving of spaghetti with sauce served in a crunchy cone.,text_embeddings/prompt_004.pt,image_trajectories/prompt_004/sample_033_t07.pt,image_trajectories/prompt_004/sample_033_noise.pt
4,34,4,Spaghetti,Cone,A serving of spaghetti with sauce served in a crunchy cone.,text_embeddings/prompt_004.pt,image_trajectories/prompt_004/sample_034_t04.pt,image_trajectories/prompt_004/sample_034_noise.pt
4,35,8,Spaghetti,Cone,A serving of spaghetti with sauce served in a crunchy cone.,text_embeddings/prompt_004.pt,image_trajectories/prompt_004/sample_035_t08.pt,image_trajectories/prompt_004/sample_035_noise.pt
4,36,7,Spaghetti,Cone,A serving of spaghetti with sauce served in a crunchy cone.,text_embeddings/prompt_004.pt,image_trajectories/prompt_004/sample_036_t07.pt,image_trajectories/prompt_004/sample_036_noise.pt
4,37,4,Spaghetti,Cone,A serving of spaghetti with sauce served in a crunchy cone.,text_embeddings/prompt_004.pt,image_trajectories/prompt_004/sample_037_t04.pt,image_trajectories/prompt_004/sample_037_noise.pt
4,38,6,Spaghetti,Cone,A serving of spaghetti with sauce served in a crunchy cone.,text_embeddings/prompt_004.pt,image_trajectories/prompt_004/sample_038_t06.pt,image_trajectories/prompt_004/sample_038_noise.pt
4,39,9,Spaghetti,Cone,A serving of spaghetti with sauce served in a crunchy cone.,text_embeddings/prompt_004.pt,image_trajectories/prompt_004/sample_039_t09.pt,image_trajectories/prompt_004/sample_039_noise.pt
4,40,8,Spaghetti,Cone,A serving of spaghetti with sauce served in a crunchy cone.,text_embeddings/prompt_004.pt,image_trajectories/prompt_004/sample_040_t08.pt,image_trajectories/prompt_004/sample_040_noise.pt
4,41,9,Spaghetti,Cone,A serving of spaghetti with sauce served in a crunchy cone.,text_embeddings/prompt_004.pt,image_trajectories/prompt_004/sample_041_t09.pt,image_trajectories/prompt_004/sample_041_noise.pt
4,42,4,Spaghetti,Cone,A serving of spaghetti with sauce served in a crunchy cone.,text_embeddings/prompt_004.pt,image_trajectories/prompt_004/sample_042_t04.pt,image_trajectories/prompt_004/sample_042_noise.pt
4,43,4,Spaghetti,Cone,A serving of spaghetti with sauce served in a crunchy cone.,text_embeddings/prompt_004.pt,image_trajectories/prompt_004/sample_043_t04.pt,image_trajectories/prompt_004/sample_043_noise.pt
4,44,10,Spaghetti,Cone,A serving of spaghetti with sauce served in a crunchy cone.,text_embeddings/prompt_004.pt,image_trajectories/prompt_004/sample_044_t10.pt,image_trajectories/prompt_004/sample_044_noise.pt
4,45,5,Spaghetti,Cone,A serving of spaghetti with sauce served in a crunchy cone.,text_embeddings/prompt_004.pt,image_trajectories/prompt_004/sample_045_t05.pt,image_trajectories/prompt_004/sample_045_noise.pt
4,46,4,Spaghetti,Cone,A serving of spaghetti with sauce served in a crunchy cone.,text_embeddings/prompt_004.pt,image_trajectories/prompt_004/sample_046_t04.pt,image_trajectories/prompt_004/sample_046_noise.pt
4,47,8,Spaghetti,Cone,A serving of spaghetti with sauce served in a crunchy cone.,text_embeddings/prompt_004.pt,image_trajectories/prompt_004/sample_047_t08.pt,image_trajectories/prompt_004/sample_047_noise.pt
4,48,5,Spaghetti,Cone,A serving of spaghetti with sauce served in a crunchy cone.,text_embeddings/prompt_004.pt,image_trajectories/prompt_004/sample_048_t05.pt,image_trajectories/prompt_004/sample_048_noise.pt
4,49,5,Spaghetti,Cone,A serving of spaghetti with sauce served in a crunchy cone.,text_embeddings/prompt_004.pt,image_trajectories/prompt_004/sample_049_t05.pt,image_trajectories/prompt_004/sample_049_noise.pt
4,50,6,Spaghetti,Cone,A serving of spaghetti with sauce served in a crunchy cone.,text_embeddings/prompt_004.pt,image_trajectories/prompt_004/sample_050_t06.pt,image_trajectories/prompt_004/sample_050_noise.pt
4,51,4,Spaghetti,Cone,A serving of spaghetti with sauce served in a crunchy cone.,text_embeddings/prompt_004.pt,image_trajectories/prompt_004/sample_051_t04.pt,image_trajectories/prompt_004/sample_051_noise.pt
4,52,5,Spaghetti,Cone,A serving of spaghetti with sauce served in a crunchy cone.,text_embeddings/prompt_004.pt,image_trajectories/prompt_004/sample_052_t05.pt,image_trajectories/prompt_004/sample_052_noise.pt
4,53,6,Spaghetti,Cone,A serving of spaghetti with sauce served in a crunchy cone.,text_embeddings/prompt_004.pt,image_trajectories/prompt_004/sample_053_t06.pt,image_trajectories/prompt_004/sample_053_noise.pt
4,54,4,Spaghetti,Cone,A serving of spaghetti with sauce served in a crunchy cone.,text_embeddings/prompt_004.pt,image_trajectories/prompt_004/sample_054_t04.pt,image_trajectories/prompt_004/sample_054_noise.pt
4,55,8,Spaghetti,Cone,A serving of spaghetti with sauce served in a crunchy cone.,text_embeddings/prompt_004.pt,image_trajectories/prompt_004/sample_055_t08.pt,image_trajectories/prompt_004/sample_055_noise.pt
4,56,5,Spaghetti,Cone,A serving of spaghetti with sauce served in a crunchy cone.,text_embeddings/prompt_004.pt,image_trajectories/prompt_004/sample_056_t05.pt,image_trajectories/prompt_004/sample_056_noise.pt
4,57,8,Spaghetti,Cone,A serving of spaghetti with sauce served in a crunchy cone.,text_embeddings/prompt_004.pt,image_trajectories/prompt_004/sample_057_t08.pt,image_trajectories/prompt_004/sample_057_noise.pt
4,58,6,Spaghetti,Cone,A serving of spaghetti with sauce served in a crunchy cone.,text_embeddings/prompt_004.pt,image_trajectories/prompt_004/sample_058_t06.pt,image_trajectories/prompt_004/sample_058_noise.pt
4,59,9,Spaghetti,Cone,A serving of spaghetti with sauce served in a crunchy cone.,text_embeddings/prompt_004.pt,image_trajectories/prompt_004/sample_059_t09.pt,image_trajectories/prompt_004/sample_059_noise.pt
4,60,4,Spaghetti,Cone,A serving of spaghetti with sauce served in a crunchy cone.,text_embeddings/prompt_004.pt,image_trajectories/prompt_004/sample_060_t04.pt,image_trajectories/prompt_004/sample_060_noise.pt
4,61,5,Spaghetti,Cone,A serving of spaghetti with sauce served in a crunchy cone.,text_embeddings/prompt_004.pt,image_trajectories/prompt_004/sample_061_t05.pt,image_trajectories/prompt_004/sample_061_noise.pt
4,62,9,Spaghetti,Cone,A serving of spaghetti with sauce served in a crunchy cone.,text_embeddings/prompt_004.pt,image_trajectories/prompt_004/sample_062_t09.pt,image_trajectories/prompt_004/sample_062_noise.pt
4,63,5,Spaghetti,Cone,A serving of spaghetti with sauce served in a crunchy cone.,text_embeddings/prompt_004.pt,image_trajectories/prompt_004/sample_063_t05.pt,image_trajectories/prompt_004/sample_063_noise.pt
4,64,5,Spaghetti,Cone,A serving of spaghetti with sauce served in a crunchy cone.,text_embeddings/prompt_004.pt,image_trajectories/prompt_004/sample_064_t05.pt,image_trajectories/prompt_004/sample_064_noise.pt
4,65,7,Spaghetti,Cone,A serving of spaghetti with sauce served in a crunchy cone.,text_embeddings/prompt_004.pt,image_trajectories/prompt_004/sample_065_t07.pt,image_trajectories/prompt_004/sample_065_noise.pt
4,66,6,Spaghetti,Cone,A serving of spaghetti with sauce served in a crunchy cone.,text_embeddings/prompt_004.pt,image_trajectories/prompt_004/sample_066_t06.pt,image_trajectories/prompt_004/sample_066_noise.pt
4,67,9,Spaghetti,Cone,A serving of spaghetti with sauce served in a crunchy cone.,text_embeddings/prompt_004.pt,image_trajectories/prompt_004/sample_067_t09.pt,image_trajectories/prompt_004/sample_067_noise.pt
4,68,4,Spaghetti,Cone,A serving of spaghetti with sauce served in a crunchy cone.,text_embeddings/prompt_004.pt,image_trajectories/prompt_004/sample_068_t04.pt,image_trajectories/prompt_004/sample_068_noise.pt
4,69,8,Spaghetti,Cone,A serving of spaghetti with sauce served in a crunchy cone.,text_embeddings/prompt_004.pt,image_trajectories/prompt_004/sample_069_t08.pt,image_trajectories/prompt_004/sample_069_noise.pt
4,70,5,Spaghetti,Cone,A serving of spaghetti with sauce served in a crunchy cone.,text_embeddings/prompt_004.pt,image_trajectories/prompt_004/sample_070_t05.pt,image_trajectories/prompt_004/sample_070_noise.pt
4,71,4,Spaghetti,Cone,A serving of spaghetti with sauce served in a crunchy cone.,text_embeddings/prompt_004.pt,image_trajectories/prompt_004/sample_071_t04.pt,image_trajectories/prompt_004/sample_071_noise.pt
4,72,4,Spaghetti,Cone,A serving of spaghetti with sauce served in a crunchy cone.,text_embeddings/prompt_004.pt,image_trajectories/prompt_004/sample_072_t04.pt,image_trajectories/prompt_004/sample_072_noise.pt
4,73,7,Spaghetti,Cone,A serving of spaghetti with sauce served in a crunchy cone.,text_embeddings/prompt_004.pt,image_trajectories/prompt_004/sample_073_t07.pt,image_trajectories/prompt_004/sample_073_noise.pt
4,74,4,Spaghetti,Cone,A serving of spaghetti with sauce served in a crunchy cone.,text_embeddings/prompt_004.pt,image_trajectories/prompt_004/sample_074_t04.pt,image_trajectories/prompt_004/sample_074_noise.pt
4,75,7,Spaghetti,Cone,A serving of spaghetti with sauce served in a crunchy cone.,text_embeddings/prompt_004.pt,image_trajectories/prompt_004/sample_075_t07.pt,image_trajectories/prompt_004/sample_075_noise.pt
4,76,9,Spaghetti,Cone,A serving of spaghetti with sauce served in a crunchy cone.,text_embeddings/prompt_004.pt,image_trajectories/prompt_004/sample_076_t09.pt,image_trajectories/prompt_004/sample_076_noise.pt
4,77,9,Spaghetti,Cone,A serving of spaghetti with sauce served in a crunchy cone.,text_embeddings/prompt_004.pt,image_trajectories/prompt_004/sample_077_t09.pt,image_trajectories/prompt_004/sample_077_noise.pt
4,78,4,Spaghetti,Cone,A serving of spaghetti with sauce served in a crunchy cone.,text_embeddings/prompt_004.pt,image_trajectories/prompt_004/sample_078_t04.pt,image_trajectories/prompt_004/sample_078_noise.pt
4,79,4,Spaghetti,Cone,A serving of spaghetti with sauce served in a crunchy cone.,text_embeddings/prompt_004.pt,image_trajectories/prompt_004/sample_079_t04.pt,image_trajectories/prompt_004/sample_079_noise.pt
4,80,9,Spaghetti,Cone,A serving of spaghetti with sauce served in a crunchy cone.,text_embeddings/prompt_004.pt,image_trajectories/prompt_004/sample_080_t09.pt,image_trajectories/prompt_004/sample_080_noise.pt
4,81,10,Spaghetti,Cone,A serving of spaghetti with sauce served in a crunchy cone.,text_embeddings/prompt_004.pt,image_trajectories/prompt_004/sample_081_t10.pt,image_trajectories/prompt_004/sample_081_noise.pt
4,82,9,Spaghetti,Cone,A serving of spaghetti with sauce served in a crunchy cone.,text_embeddings/prompt_004.pt,image_trajectories/prompt_004/sample_082_t09.pt,image_trajectories/prompt_004/sample_082_noise.pt
4,83,10,Spaghetti,Cone,A serving of spaghetti with sauce served in a crunchy cone.,text_embeddings/prompt_004.pt,image_trajectories/prompt_004/sample_083_t10.pt,image_trajectories/prompt_004/sample_083_noise.pt
4,84,6,Spaghetti,Cone,A serving of spaghetti with sauce served in a crunchy cone.,text_embeddings/prompt_004.pt,image_trajectories/prompt_004/sample_084_t06.pt,image_trajectories/prompt_004/sample_084_noise.pt
4,85,6,Spaghetti,Cone,A serving of spaghetti with sauce served in a crunchy cone.,text_embeddings/prompt_004.pt,image_trajectories/prompt_004/sample_085_t06.pt,image_trajectories/prompt_004/sample_085_noise.pt
4,86,6,Spaghetti,Cone,A serving of spaghetti with sauce served in a crunchy cone.,text_embeddings/prompt_004.pt,image_trajectories/prompt_004/sample_086_t06.pt,image_trajectories/prompt_004/sample_086_noise.pt
4,87,4,Spaghetti,Cone,A serving of spaghetti with sauce served in a crunchy cone.,text_embeddings/prompt_004.pt,image_trajectories/prompt_004/sample_087_t04.pt,image_trajectories/prompt_004/sample_087_noise.pt
4,88,8,Spaghetti,Cone,A serving of spaghetti with sauce served in a crunchy cone.,text_embeddings/prompt_004.pt,image_trajectories/prompt_004/sample_088_t08.pt,image_trajectories/prompt_004/sample_088_noise.pt
4,89,7,Spaghetti,Cone,A serving of spaghetti with sauce served in a crunchy cone.,text_embeddings/prompt_004.pt,image_trajectories/prompt_004/sample_089_t07.pt,image_trajectories/prompt_004/sample_089_noise.pt
4,90,8,Spaghetti,Cone,A serving of spaghetti with sauce served in a crunchy cone.,text_embeddings/prompt_004.pt,image_trajectories/prompt_004/sample_090_t08.pt,image_trajectories/prompt_004/sample_090_noise.pt
4,91,5,Spaghetti,Cone,A serving of spaghetti with sauce served in a crunchy cone.,text_embeddings/prompt_004.pt,image_trajectories/prompt_004/sample_091_t05.pt,image_trajectories/prompt_004/sample_091_noise.pt
4,92,9,Spaghetti,Cone,A serving of spaghetti with sauce served in a crunchy cone.,text_embeddings/prompt_004.pt,image_trajectories/prompt_004/sample_092_t09.pt,image_trajectories/prompt_004/sample_092_noise.pt
4,93,7,Spaghetti,Cone,A serving of spaghetti with sauce served in a crunchy cone.,text_embeddings/prompt_004.pt,image_trajectories/prompt_004/sample_093_t07.pt,image_trajectories/prompt_004/sample_093_noise.pt
4,94,10,Spaghetti,Cone,A serving of spaghetti with sauce served in a crunchy cone.,text_embeddings/prompt_004.pt,image_trajectories/prompt_004/sample_094_t10.pt,image_trajectories/prompt_004/sample_094_noise.pt
4,95,6,Spaghetti,Cone,A serving of spaghetti with sauce served in a crunchy cone.,text_embeddings/prompt_004.pt,image_trajectories/prompt_004/sample_095_t06.pt,image_trajectories/prompt_004/sample_095_noise.pt
4,96,7,Spaghetti,Cone,A serving of spaghetti with sauce served in a crunchy cone.,text_embeddings/prompt_004.pt,image_trajectories/prompt_004/sample_096_t07.pt,image_trajectories/prompt_004/sample_096_noise.pt
4,97,6,Spaghetti,Cone,A serving of spaghetti with sauce served in a crunchy cone.,text_embeddings/prompt_004.pt,image_trajectories/prompt_004/sample_097_t06.pt,image_trajectories/prompt_004/sample_097_noise.pt
4,98,8,Spaghetti,Cone,A serving of spaghetti with sauce served in a crunchy cone.,text_embeddings/prompt_004.pt,image_trajectories/prompt_004/sample_098_t08.pt,image_trajectories/prompt_004/sample_098_noise.pt
4,99,9,Spaghetti,Cone,A serving of spaghetti with sauce served in a crunchy cone.,text_embeddings/prompt_004.pt,image_trajectories/prompt_004/sample_099_t09.pt,image_trajectories/prompt_004/sample_099_noise.pt
